{
	"parent": "minecraft:husbandry/plant_seed",
	"display":
	{
		"icon":
		{
			"item": "minecraft:bread"
		},
		"title":
		{
			"translate": "Bake Bread"
		},
		"description":
		{
			"translate": "Turn wheat into bread."
		},
		"frame": "task",
		"show_toast": true,
		"announce_to_chat": true,
		"hidden": false
	},
	"criteria":
	{
		"bakebread":
		{
			"trigger": "minecraft:inventory_changed",
			"conditions":
			{
				"items":
				[{
					"items":
					[
						"minecraft:bread"
					]
				}]
			}
		}
	},
	"requirements":
	[
		["bakebread"]
	]
}