{
  "parent": "minecraft:husbandry/time_to_farm",
  "criteria": {
    "silk_touch_nest": {
      "conditions": {
        "block": "minecraft:bee_nest",
        "item": {
          "enchantments": [
            {
              "enchantment": "minecraft:silk_touch",
              "levels": {
                "min": 1
              }
            }
          ]
        },
        "num_bees_inside": 3
      },
      "trigger": "minecraft:bee_nest_destroyed"
    }
  },
  "display": {
    "announce_to_chat": true,
    "description": {
      "translate": "advancements.husbandry.silk_touch_nest.description"
    },
    "frame": "task",
    "hidden": false,
    "icon": {
      "item": "minecraft:bee_nest"
    },
    "show_toast": true,
    "title": {
      "translate": "advancements.husbandry.silk_touch_nest.title"
    }
  },
  "requirements": [
    [
      "silk_touch_nest"
    ]
  ],
  "sends_telemetry_event": true
}