{
  "parent": "minecraft:nether/the_beginning_wither",
  "criteria": {
    "beacon": {
      "conditions": {
        "level": {
          "min": 1
        }
      },
      "trigger": "minecraft:construct_beacon"
    }
  },
  "display": {
    "announce_to_chat": true,
    "description": {
      "translate": "advancements.nether.create_beacon.description"
    },
    "frame": "task",
    "hidden": false,
    "icon": {
      "item": "minecraft:beacon"
    },
    "show_toast": true,
    "title": {
      "translate": "advancements.nether.create_beacon.title"
    }
  },
  "requirements": [
    [
      "beacon"
    ]
  ],
  "sends_telemetry_event": true
}