{
	"parent": "minecraft:nether/summon_wither",
	"display":
	{
		"icon":
		{
			"item": "minecraft:nether_star"
		},
		"title":
		{
			"translate": "The Beginning."
		},
		"description":
		{
			"translate": "Defeat the Wither."
		},
		"frame": "task",
		"show_toast": true,
		"announce_to_chat": true,
		"hidden": false
	},
	"criteria":
	{
		"theend":
		{
			"trigger": "minecraft:player_killed_entity",

			"conditions":
			{
				"entity":
				{
					"type": "minecraft:wither"
				}
			}
		}
	},
	"requirements":
	[
		["theend"]
	],
	"rewards":
	{
		"function": "niknok:nik_worldtwo/advancement_scoreboard/the_end/the_beginning_wither_fn1"
	}
}