{
  "parent": "minecraft:adventure/time_to_strike",
  "criteria": {
    "honey_block_slide": {
      "conditions": {
        "block": "minecraft:honey_block"
      },
      "trigger": "minecraft:slide_down_block"
    }
  },
  "display": {
    "announce_to_chat": true,
    "description": {
      "translate": "advancements.adventure.honey_block_slide.description"
    },
    "frame": "task",
    "hidden": false,
    "icon": {
      "item": "minecraft:honey_block"
    },
    "show_toast": true,
    "title": {
      "translate": "advancements.adventure.honey_block_slide.title"
    }
  },
  "requirements": [
    [
      "honey_block_slide"
    ]
  ]
}