{
  "parent": "minecraft:adventure/time_to_strike",
  "criteria": {
    "shot_crossbow": {
      "conditions": {
        "item": {
          "items": [
            "minecraft:crossbow"
          ]
        }
      },
      "trigger": "minecraft:shot_crossbow"
    }
  },
  "display": {
    "announce_to_chat": true,
    "description": {
      "translate": "advancements.adventure.ol_betsy.description"
    },
    "frame": "task",
    "hidden": false,
    "icon": {
      "item": "minecraft:crossbow",
      "nbt": "{Damage:0}"
    },
    "show_toast": true,
    "title": {
      "translate": "advancements.adventure.ol_betsy.title"
    }
  },
  "requirements": [
    [
      "shot_crossbow"
    ]
  ]
}