{
	"parent": "minecraft:adventure/root",
	"display":
	{
		"icon":
		{
			"item": "minecraft:wooden_sword"
		},
		"title":
		{
			"translate": "Time to Strike!"
		},
		"description":
		{
			"translate": "§7Use planks and sticks to make a sword."
		},
		"frame": "task",
		"show_toast": true,
		"announce_to_chat": true,
		"hidden": false
	},
	"criteria":
	{
		"sword":
		{
			"trigger": "minecraft:inventory_changed",
			"conditions":
			{
				"items":
				[{
					"items":
					[
						"minecraft:wooden_sword",
						"minecraft:stone_sword",
						"minecraft:iron_sword",
						"minecraft:golden_sword",
						"minecraft:diamond_sword"
					]
				}]
			}
		}
	},
	"requirements":
	[
		["sword"]
	]
}